INSERT INTO airport (airport_address, airport_name) VALUES ('123 Main Street', 'Sky Harbor International');
INSERT INTO airport (airport_address, airport_name) VALUES ('456 Elm Avenue', 'Sunset Beach Airstrip');
INSERT INTO airport (airport_address, airport_name) VALUES ('789 Oak Lane', 'Mountain View Skyport');
INSERT INTO airport (airport_address, airport_name) VALUES ('101 Pine Road', 'Lakeside Landing');
INSERT INTO airport (airport_address, airport_name) VALUES ('202 Cedar Drive', 'Golden Gate Airfield');
INSERT INTO airport (airport_address, airport_name) VALUES ('303 Redwood Street', 'Blue Sky Heights Airport');
INSERT INTO airport (airport_address, airport_name) VALUES ('404 Spruce Boulevard', 'Sunny Valley Aerodrome');
INSERT INTO airport (airport_address, airport_name) VALUES ('505 Maple Lane', 'Coastal Cove Aviation');
INSERT INTO airport (airport_address, airport_name) VALUES ('606 Birch Avenue', 'Highland Haven Airport');
INSERT INTO airport (airport_address, airport_name) VALUES ('707 Willow Drive', 'Starlight Skies Airpark');
INSERT INTO airport (airport_address, airport_name) VALUES ('808 Sycamore Road', 'Emerald Valley Field');
INSERT INTO airport (airport_address, airport_name) VALUES ('909 Acorn Lane', 'Prairie Meadows Airstrip');
INSERT INTO airport (airport_address, airport_name) VALUES ('111 Pine Cone Avenue', 'Harborview Airfield');
INSERT INTO airport (airport_address, airport_name) VALUES ('222 Cedar Grove Street', 'Maple Ridge Aerodrome');
INSERT INTO airport (airport_address, airport_name) VALUES ('333 Red Rock Road', 'Rainbow Runway');
INSERT INTO airport (airport_address, airport_name) VALUES ('444 Spruce Meadow Avenue', 'Breezy Bluff Airport');
INSERT INTO airport (airport_address, airport_name) VALUES ('555 Aspen Hill Lane', 'Crimson Skies Landing');
INSERT INTO airport (airport_address, airport_name) VALUES ('666 Juniper Lane', 'Desert Oasis Airpark');
INSERT INTO airport (airport_address, airport_name) VALUES ('777 Oakwood Road', 'Whispering Pines Aerodrome');
INSERT INTO airport (airport_address, airport_name) VALUES ('888 Willow Creek Avenue', 'Silverlake Skyport');
INSERT INTO airport (airport_address, airport_name) VALUES ('999 Magnolia Drive', 'Misty Mountain Airstrip');
INSERT INTO airport (airport_address, airport_name) VALUES ('1110 Elmwood Lane', 'Valley Vista Airfield');
INSERT INTO airport (airport_address, airport_name) VALUES ('1211 Birchwood Road', 'Solitude Skyway');
INSERT INTO airport (airport_address, airport_name) VALUES ('1312 Redwood Ridge Avenue', 'Tranquil Trails Airport');
INSERT INTO airport (airport_address, airport_name) VALUES ('1413 Maplewood Lane', 'Wildflower Landing');
INSERT INTO airport (airport_address, airport_name) VALUES ('1514 Pinecrest Drive', 'Sunrise Summit Aerodrome');
INSERT INTO airport (airport_address, airport_name) VALUES ('1615 Sycamore Springs Road', 'Echo Valley Airpark');
INSERT INTO airport (airport_address, airport_name) VALUES ('1716 Cedarbrook Avenue', 'Crystal Cove Airstrip');
INSERT INTO airport (airport_address, airport_name) VALUES ('1817 Willowbrook Lane', 'Eagles Nest Airfield');
INSERT INTO airport (airport_address, airport_name) VALUES ('1918 Oakridge Street', 'Hidden Hills Skyport');
INSERT INTO airport (airport_address, airport_name) VALUES ('2020 Hawthorn Hill Avenue', 'Whitewater Waypoint');
INSERT INTO airport (airport_address, airport_name) VALUES ('2121 Red Robin Road', 'Starlit Skies Airpark');
INSERT INTO airport (airport_address, airport_name) VALUES ('2222 Bluebird Lane', 'Seaside Serenity Airstrip');
INSERT INTO airport (airport_address, airport_name) VALUES ('2323 Morning Mist Drive', 'Pine Ridge Airfield');
INSERT INTO airport (airport_address, airport_name) VALUES ('2424 Sunset View Avenue', 'Highland Highlands Airport');
INSERT INTO airport (airport_address, airport_name) VALUES ('2525 Mountain Crest Road', 'Canyon Vista Aerodrome');
INSERT INTO airport (airport_address, airport_name) VALUES ('2626 Valley View Lane', 'Majestic Meadows Landing');
INSERT INTO airport (airport_address, airport_name) VALUES ('2727 Whispering Pines Avenue', 'Riverside Retreat Skyport');
INSERT INTO airport (airport_address, airport_name) VALUES ('2828 Meadowlark Street', 'Sunflower Skies Airstrip');
INSERT INTO airport (airport_address, airport_name) VALUES ('2929 Rolling Hills Road', 'Silver Serenity Airport');
INSERT INTO airport (airport_address, airport_name) VALUES ('3030 Greenfield Lane', 'Harbor Haven Airfield');
INSERT INTO airport (airport_address, airport_name) VALUES ('3131 Autumn Acres Drive', 'Golden Glade Skyport');
INSERT INTO airport (airport_address, airport_name) VALUES ('3232 Lakeside Lane', 'Sapphire Springs Aerodrome');
INSERT INTO airport (airport_address, airport_name) VALUES ('3333 Prairie Path Avenue', 'Forest Frontier Landing');
INSERT INTO airport (airport_address, airport_name) VALUES ('3434 River Rock Road', 'Azure Skies Airfield');
INSERT INTO airport (airport_address, airport_name) VALUES ('3535 Evergreen Lane', 'Birchwood Bluff Airport');
INSERT INTO airport (airport_address, airport_name) VALUES ('3636 Whispering Brook Street', 'Mountain Mist Skyport');
INSERT INTO airport (airport_address, airport_name) VALUES ('3737 Maplehurst Avenue', 'Rustic Ridge Airstrip');
INSERT INTO airport (airport_address, airport_name) VALUES ('3838 Cedar Valley Road', 'Whispering Woods Airport');
INSERT INTO airport (airport_address, airport_name) VALUES ('3939 Spring Blossom Lane', 'Sunset Summit Aerodrome');
INSERT INTO airport (airport_address, airport_name) VALUES ('4040 Tranquil Trail Avenue', 'Crystal Cove Landing');
INSERT INTO airport (airport_address, airport_name) VALUES ('4141 Mystic Meadow Lane', 'Moonlit Meadows Airpark');
INSERT INTO airport (airport_address, airport_name) VALUES ('4242 Sunflower Street', 'Lakeside Lagoon Skyport');
INSERT INTO airport (airport_address, airport_name) VALUES ('4343 Emerald Hills Road', 'Starshine Skies Airstrip');
INSERT INTO airport (airport_address, airport_name) VALUES ('4444 Hidden Haven Avenue', 'Valley Vista Aerodrome');

INSERT INTO person (person_firstname, person_lastname) VALUES ('John', 'Doe');
INSERT INTO person (person_firstname, person_lastname) VALUES ('Jane', 'Smith');
INSERT INTO person (person_firstname, person_lastname) VALUES ('Michael', 'Johnson');
INSERT INTO person (person_firstname, person_lastname) VALUES ('Emily', 'Brown');
INSERT INTO person (person_firstname, person_lastname) VALUES ('William', 'Davis');
INSERT INTO person (person_firstname, person_lastname) VALUES ('Jennifer', 'Miller');
INSERT INTO person (person_firstname, person_lastname) VALUES ('James', 'Wilson');
INSERT INTO person (person_firstname, person_lastname) VALUES ('Linda', 'Moore');
INSERT INTO person (person_firstname, person_lastname) VALUES ('David', 'Taylor');
INSERT INTO person (person_firstname, person_lastname) VALUES ('Sarah', 'Anderson');
INSERT INTO person (person_firstname, person_lastname) VALUES ('Joseph', 'Thomas');
INSERT INTO person (person_firstname, person_lastname) VALUES ('Susan', 'Jackson');
INSERT INTO person (person_firstname, person_lastname) VALUES ('Daniel', 'White');
INSERT INTO person (person_firstname, person_lastname) VALUES ('Karen', 'Harris');
INSERT INTO person (person_firstname, person_lastname) VALUES ('Robert', 'Martin');
INSERT INTO person (person_firstname, person_lastname) VALUES ('Nancy', 'Thompson');
INSERT INTO person (person_firstname, person_lastname) VALUES ('Matthew', 'Garcia');
INSERT INTO person (person_firstname, person_lastname) VALUES ('Lisa', 'Martinez');
INSERT INTO person (person_firstname, person_lastname) VALUES ('Christopher', 'Robinson');
INSERT INTO person (person_firstname, person_lastname) VALUES ('Rebecca', 'Clark');
INSERT INTO person (person_firstname, person_lastname) VALUES ('Andrew', 'Lewis');
INSERT INTO person (person_firstname, person_lastname) VALUES ('Jessica', 'Walker');
INSERT INTO person (person_firstname, person_lastname) VALUES ('Ryan', 'Hall');
INSERT INTO person (person_firstname, person_lastname) VALUES ('Karen', 'Young');
INSERT INTO person (person_firstname, person_lastname) VALUES ('Eric', 'King');
INSERT INTO person (person_firstname, person_lastname) VALUES ('Mary', 'Wright');
INSERT INTO person (person_firstname, person_lastname) VALUES ('Nicholas', 'Perez');
INSERT INTO person (person_firstname, person_lastname) VALUES ('Betty', 'Turner');
INSERT INTO person (person_firstname, person_lastname) VALUES ('Charles', 'Hill');
INSERT INTO person (person_firstname, person_lastname) VALUES ('Amy', 'Adams');
INSERT INTO person (person_firstname, person_lastname) VALUES ('Kevin', 'Nelson');
INSERT INTO person (person_firstname, person_lastname) VALUES ('Donna', 'Baker');
INSERT INTO person (person_firstname, person_lastname) VALUES ('Mark', 'Gonzalez');
INSERT INTO person (person_firstname, person_lastname) VALUES ('Patricia', 'White');
INSERT INTO person (person_firstname, person_lastname) VALUES ('Brian', 'Scott');
INSERT INTO person (person_firstname, person_lastname) VALUES ('Cynthia', 'Green');
INSERT INTO person (person_firstname, person_lastname) VALUES ('Daniel', 'Harris');
INSERT INTO person (person_firstname, person_lastname) VALUES ('Laura', 'Davis');
INSERT INTO person (person_firstname, person_lastname) VALUES ('Christopher', 'Allen');
INSERT INTO person (person_firstname, person_lastname) VALUES ('Maria', 'Johnson');
INSERT INTO person (person_firstname, person_lastname) VALUES ('Anthony', 'Lee');
INSERT INTO person (person_firstname, person_lastname) VALUES ('Susan', 'Hall');
INSERT INTO person (person_firstname, person_lastname) VALUES ('Robert', 'Brown');
INSERT INTO person (person_firstname, person_lastname) VALUES ('Sharon', 'Hernandez');
INSERT INTO person (person_firstname, person_lastname) VALUES ('Paul', 'Smith');
INSERT INTO person (person_firstname, person_lastname) VALUES ('Kimberly', 'Jackson');
INSERT INTO person (person_firstname, person_lastname) VALUES ('Richard', 'Moore');
INSERT INTO person (person_firstname, person_lastname) VALUES ('Karen', 'Anderson');
INSERT INTO person (person_firstname, person_lastname) VALUES ('William', 'Hernandez');
INSERT INTO person (person_firstname, person_lastname) VALUES ('Jessica', 'Turner');
INSERT INTO person (person_firstname, person_lastname) VALUES ('John', 'Martin');
INSERT INTO person (person_firstname, person_lastname) VALUES ('Jennifer', 'Gonzalez');
INSERT INTO person (person_firstname, person_lastname) VALUES ('David', 'Adams');
INSERT INTO person (person_firstname, person_lastname) VALUES ('Lisa', 'Perez');
INSERT INTO person (person_firstname, person_lastname) VALUES ('Michael', 'Wilson');
INSERT INTO person (person_firstname, person_lastname) VALUES ('Sarah', 'Green');
INSERT INTO person (person_firstname, person_lastname) VALUES ('Joseph', 'Baker');
INSERT INTO person (person_firstname, person_lastname) VALUES ('Rebecca', 'Walker');
INSERT INTO person (person_firstname, person_lastname) VALUES ('James', 'Nelson');
INSERT INTO person (person_firstname, person_lastname) VALUES ('Linda', 'King');
INSERT INTO person (person_firstname, person_lastname) VALUES ('William', 'Hill');
INSERT INTO person (person_firstname, person_lastname) VALUES ('Jennifer', 'Scott');
INSERT INTO person (person_firstname, person_lastname) VALUES ('Robert', 'Allen');
INSERT INTO person (person_firstname, person_lastname) VALUES ('Nancy', 'Lewis');
INSERT INTO person (person_firstname, person_lastname) VALUES ('Matthew', 'Smith');
INSERT INTO person (person_firstname, person_lastname) VALUES ('Susan', 'Clark');
INSERT INTO person (person_firstname, person_lastname) VALUES ('Andrew', 'Jones');
INSERT INTO person (person_firstname, person_lastname) VALUES ('Jessica', 'Young');
INSERT INTO person (person_firstname, person_lastname) VALUES ('David', 'Perez');
INSERT INTO person (person_firstname, person_lastname) VALUES ('Sarah', 'Martin');
INSERT INTO person (person_firstname, person_lastname) VALUES ('Michael', 'Davis');
INSERT INTO person (person_firstname, person_lastname) VALUES ('Emily', 'Anderson');
INSERT INTO person (person_firstname, person_lastname) VALUES ('John', 'Smith');
INSERT INTO person (person_firstname, person_lastname) VALUES ('Jane', 'Johnson');
INSERT INTO person (person_firstname, person_lastname) VALUES ('Michael', 'Brown');
INSERT INTO person (person_firstname, person_lastname) VALUES ('Emily', 'Davis');

-- Insert 20 passengers with unique person_ids and passenger_fidelity values
INSERT INTO passenger (person_id, passenger_fidelity) VALUES (1, 'NONE');
INSERT INTO passenger (person_id, passenger_fidelity) VALUES (2, 'BASIC');
INSERT INTO passenger (person_id, passenger_fidelity) VALUES (3, 'PREMIUM');
INSERT INTO passenger (person_id, passenger_fidelity) VALUES (4, 'GOLD');
INSERT INTO passenger (person_id, passenger_fidelity) VALUES (5, 'NONE');
INSERT INTO passenger (person_id, passenger_fidelity) VALUES (6, 'BASIC');
INSERT INTO passenger (person_id, passenger_fidelity) VALUES (7, 'PREMIUM');
INSERT INTO passenger (person_id, passenger_fidelity) VALUES (8, 'GOLD');
INSERT INTO passenger (person_id, passenger_fidelity) VALUES (9, 'NONE');
INSERT INTO passenger (person_id, passenger_fidelity) VALUES (10, 'BASIC');
INSERT INTO passenger (person_id, passenger_fidelity) VALUES (11, 'PREMIUM');
INSERT INTO passenger (person_id, passenger_fidelity) VALUES (12, 'GOLD');
INSERT INTO passenger (person_id, passenger_fidelity) VALUES (13, 'NONE');
INSERT INTO passenger (person_id, passenger_fidelity) VALUES (14, 'BASIC');
INSERT INTO passenger (person_id, passenger_fidelity) VALUES (15, 'PREMIUM');
INSERT INTO passenger (person_id, passenger_fidelity) VALUES (16, 'GOLD');
INSERT INTO passenger (person_id, passenger_fidelity) VALUES (17, 'NONE');
INSERT INTO passenger (person_id, passenger_fidelity) VALUES (18, 'BASIC');
INSERT INTO passenger (person_id, passenger_fidelity) VALUES (19, 'PREMIUM');
INSERT INTO passenger (person_id, passenger_fidelity) VALUES (20, 'GOLD');

-- Insert 20 pilots with unique person_ids (from 11 to 30)
INSERT INTO pilot (person_id) VALUES (11);
INSERT INTO pilot (person_id) VALUES (12);
INSERT INTO pilot (person_id) VALUES (13);
INSERT INTO pilot (person_id) VALUES (14);
INSERT INTO pilot (person_id) VALUES (15);
INSERT INTO pilot (person_id) VALUES (16);
INSERT INTO pilot (person_id) VALUES (17);
INSERT INTO pilot (person_id) VALUES (18);
INSERT INTO pilot (person_id) VALUES (19);
INSERT INTO pilot (person_id) VALUES (20);
INSERT INTO pilot (person_id) VALUES (21);
INSERT INTO pilot (person_id) VALUES (22);
INSERT INTO pilot (person_id) VALUES (23);
INSERT INTO pilot (person_id) VALUES (24);
INSERT INTO pilot (person_id) VALUES (25);
INSERT INTO pilot (person_id) VALUES (26);
INSERT INTO pilot (person_id) VALUES (27);
INSERT INTO pilot (person_id) VALUES (28);
INSERT INTO pilot (person_id) VALUES (29);
INSERT INTO pilot (person_id) VALUES (30);

-- Insert 100 airplanes with unique construction dates and serial numbers
INSERT INTO airplane (airplane_construction_date, airplane_serial_number) VALUES ('2022-01-01', 'ABC123');
INSERT INTO airplane (airplane_construction_date, airplane_serial_number) VALUES ('2022-01-02', 'DEF456');
INSERT INTO airplane (airplane_construction_date, airplane_serial_number) VALUES ('2022-01-03', 'GHI789');
INSERT INTO airplane (airplane_construction_date, airplane_serial_number) VALUES ('2022-01-04', 'JKL012');
INSERT INTO airplane (airplane_construction_date, airplane_serial_number) VALUES ('2022-01-05', 'MNO345');
INSERT INTO airplane (airplane_construction_date, airplane_serial_number) VALUES ('2022-01-06', 'PQR678');
INSERT INTO airplane (airplane_construction_date, airplane_serial_number) VALUES ('2022-01-07', 'STU901');
INSERT INTO airplane (airplane_construction_date, airplane_serial_number) VALUES ('2022-01-08', 'VWX234');
INSERT INTO airplane (airplane_construction_date, airplane_serial_number) VALUES ('2022-01-09', 'YZA567');
INSERT INTO airplane (airplane_construction_date, airplane_serial_number) VALUES ('2022-01-10', 'BCD890');
INSERT INTO airplane (airplane_construction_date, airplane_serial_number) VALUES ('2022-01-11', 'EFG123');
INSERT INTO airplane (airplane_construction_date, airplane_serial_number) VALUES ('2022-01-12', 'HIJ456');
INSERT INTO airplane (airplane_construction_date, airplane_serial_number) VALUES ('2022-01-13', 'KLM789');
INSERT INTO airplane (airplane_construction_date, airplane_serial_number) VALUES ('2022-01-14', 'NOP012');
INSERT INTO airplane (airplane_construction_date, airplane_serial_number) VALUES ('2022-01-15', 'PQR345');
INSERT INTO airplane (airplane_construction_date, airplane_serial_number) VALUES ('2022-01-16', 'STU678');
INSERT INTO airplane (airplane_construction_date, airplane_serial_number) VALUES ('2022-01-17', 'VWX901');
INSERT INTO airplane (airplane_construction_date, airplane_serial_number) VALUES ('2022-01-18', 'YZA234');
INSERT INTO airplane (airplane_construction_date, airplane_serial_number) VALUES ('2022-01-19', 'BCD567');
INSERT INTO airplane (airplane_construction_date, airplane_serial_number) VALUES ('2022-01-20', 'EFG890');

INSERT INTO flight (flight_cancelled, flight_price, flight_airplane_id, flight_airport_destination_id, flight_airport_origin_id, flight_arrival, flight_departure, flight_pilot_id) VALUES (false, 500.0, 1, 1, 2, '2023-01-01 12:00:00', '2023-01-01 08:00:00', 11);
INSERT INTO flight (flight_cancelled, flight_price, flight_airplane_id, flight_airport_destination_id, flight_airport_origin_id, flight_arrival, flight_departure, flight_pilot_id) VALUES (false, 600.0, 2, 2, 3, '2023-01-02 14:00:00', '2023-01-02 10:00:00', 21);
INSERT INTO flight (flight_cancelled, flight_price, flight_airplane_id, flight_airport_destination_id, flight_airport_origin_id, flight_arrival, flight_departure, flight_pilot_id) VALUES (false, 550.0, 3, 4, 1, '2023-01-03 16:00:00', '2023-01-03 12:00:00', 13);
INSERT INTO flight (flight_cancelled, flight_price, flight_airplane_id, flight_airport_destination_id, flight_airport_origin_id, flight_arrival, flight_departure, flight_pilot_id) VALUES (true, 700.0, 4, 3, 2, '2023-01-04 18:00:00', '2023-01-04 14:00:00', 24);
INSERT INTO flight (flight_cancelled, flight_price, flight_airplane_id, flight_airport_destination_id, flight_airport_origin_id, flight_arrival, flight_departure, flight_pilot_id) VALUES (true, 800.0, 5, 2, 4, '2023-01-05 20:00:00', '2023-01-05 16:00:00', 15);
-- Insert 10 flights with the same info as the example, but with past dates
INSERT INTO flight (flight_cancelled, flight_price, flight_airplane_id, flight_airport_destination_id, flight_airport_origin_id, flight_arrival, flight_departure, flight_pilot_id) VALUES (false, 600.0, 2, 2, 3, '2023-01-01 14:00:00', '2023-01-01 10:00:00', 21);
INSERT INTO flight (flight_cancelled, flight_price, flight_airplane_id, flight_airport_destination_id, flight_airport_origin_id, flight_arrival, flight_departure, flight_pilot_id) VALUES (false, 600.0, 2, 2, 3, '2023-01-03 14:00:00', '2023-01-03 10:00:00', 22);
INSERT INTO flight (flight_cancelled, flight_price, flight_airplane_id, flight_airport_destination_id, flight_airport_origin_id, flight_arrival, flight_departure, flight_pilot_id) VALUES (false, 600.0, 2, 2, 3, '2023-01-05 14:00:00', '2023-01-05 10:00:00', 23);
INSERT INTO flight (flight_cancelled, flight_price, flight_airplane_id, flight_airport_destination_id, flight_airport_origin_id, flight_arrival, flight_departure, flight_pilot_id) VALUES (false, 600.0, 2, 2, 3, '2023-01-07 14:00:00', '2023-01-07 10:00:00', 24);
INSERT INTO flight (flight_cancelled, flight_price, flight_airplane_id, flight_airport_destination_id, flight_airport_origin_id, flight_arrival, flight_departure, flight_pilot_id) VALUES (false, 600.0, 2, 2, 3, '2023-01-09 14:00:00', '2023-01-09 10:00:00', 25);
INSERT INTO flight (flight_cancelled, flight_price, flight_airplane_id, flight_airport_destination_id, flight_airport_origin_id, flight_arrival, flight_departure, flight_pilot_id) VALUES (false, 600.0, 2, 2, 3, '2023-01-11 14:00:00', '2023-01-11 10:00:00', 26);
INSERT INTO flight (flight_cancelled, flight_price, flight_airplane_id, flight_airport_destination_id, flight_airport_origin_id, flight_arrival, flight_departure, flight_pilot_id) VALUES (false, 600.0, 2, 2, 3, '2023-01-13 14:00:00', '2023-01-13 10:00:00', 27);
INSERT INTO flight (flight_cancelled, flight_price, flight_airplane_id, flight_airport_destination_id, flight_airport_origin_id, flight_arrival, flight_departure, flight_pilot_id) VALUES (false, 600.0, 2, 2, 3, '2023-01-15 14:00:00', '2023-01-15 10:00:00', 28);
INSERT INTO flight (flight_cancelled, flight_price, flight_airplane_id, flight_airport_destination_id, flight_airport_origin_id, flight_arrival, flight_departure, flight_pilot_id) VALUES (false, 600.0, 2, 2, 3, '2023-01-17 14:00:00', '2023-01-17 10:00:00', 29);
